{"accuracy": [0.022113021463155746, 0.029791153967380524, 0.03562653437256813, 0.037776414304971695, 0.04852579906582832, 0.07125306874513626, 0.0684889405965805, 0.09152334183454514, 0.11394348740577698, 0.13851352035999298, 0.18243242800235748, 0.251842737197876, 0.28961917757987976, 0.3356879651546478, 0.3949631452560425, 0.45178133249282837, 0.48464372754096985, 0.5377764105796814, 0.5681818127632141, 0.6062653660774231, 0.6554054021835327, 0.6756756901741028, 0.7060810923576355, 0.7414004802703857, 0.7539926171302795, 0.7727272510528564, 0.8003685474395752, 0.7994471788406372, 0.8249385952949524, 0.8427518606185913, 0.8636363744735718, 0.8725429773330688, 0.8863636255264282, 0.9011056423187256, 0.8802211284637451, 0.9133906364440918], "loss": [21.051294326782227, 3.580564498901367, 3.5754151344299316, 3.5580835342407227, 3.530963897705078, 3.489741802215576, 3.477947950363159, 3.431076765060425, 3.325554847717285, 3.2787203788757324, 3.08658766746521, 2.8781259059906006, 2.716153144836426, 2.6197152137756348, 2.308833360671997, 2.0800275802612305, 2.0096793174743652, 1.806368112564087, 1.6849582195281982, 1.537065029144287, 1.3279986381530762, 1.2870771884918213, 1.1532291173934937, 1.0283677577972412, 0.9431338906288147, 0.9340019226074219, 0.7902349829673767, 0.7884779572486877, 0.7104727029800415, 0.6261975169181824, 0.5914120078086853, 0.5155255198478699, 0.46440860629081726, 0.38258686661720276, 0.5507104396820068, 0.37936651706695557], "val_accuracy": [0.03133903071284294, 0.07977207750082016, 0.056980058550834656, 0.0683760717511177, 0.07977207750082016, 0.12535612285137177, 0.1367521435022354, 0.15954415500164032, 0.23361822962760925, 0.2735042870044708, 0.3504273593425751, 0.3504273593425751, 0.4216524362564087, 0.5270655155181885, 0.5584045648574829, 0.6153846383094788, 0.6296296119689941, 0.6438746452331543, 0.68660968542099, 0.7207977175712585, 0.7350427508354187, 0.7549857497215271, 0.7549857497215271, 0.7777777910232544, 0.7492877244949341, 0.7977207899093628, 0.8176637887954712, 0.8176637887954712, 0.8575498461723328, 0.8945869207382202, 0.8888888955116272, 0.8945869207382202, 0.9173789024353027, 0.8888888955116272, 0.8660968542098999, 0.9316239356994629], "val_loss": [3.5821049213409424, 3.5155680179595947, 3.5533721446990967, 3.499455690383911, 3.4953224658966064, 3.423954486846924, 3.3422038555145264, 3.3069992065429688, 3.083799123764038, 2.9072179794311523, 2.7832908630371094, 2.5491018295288086, 2.322308301925659, 2.072673797607422, 2.0323753356933594, 1.7139379978179932, 1.679933786392212, 1.582179069519043, 1.4618773460388184, 1.285065770149231, 1.2508232593536377, 1.198211669921875, 1.0612581968307495, 1.0965903997421265, 1.1414889097213745, 0.9979668855667114, 0.9055572152137756, 0.8124337196350098, 0.8337864279747009, 0.6743206977844238, 0.6536304950714111, 0.7209076881408691, 0.5721889138221741, 0.7392507791519165, 0.6725144982337952, 0.4994980990886688]}