{"accuracy": [0.9245585799217224, 0.9351524710655212, 0.9512038230895996, 0.9428571462631226, 0.9316211938858032, 0.9393258690834045, 0.9492776989936829, 0.9232744574546814, 0.9457463622093201, 0.9470304846763611, 0.932584285736084, 0.9621188044548035, 0.9569823145866394, 0.965008020401001, 0.9444622993469238, 0.9512038230895996, 0.9274478554725647, 0.9505618214607239, 0.9512038230895996, 0.96372389793396, 0.9611557126045227, 0.9582664370536804, 0.9573033452033997, 0.9393258690834045, 0.9579454064369202, 0.9560192823410034, 0.9634028673171997, 0.9560192823410034, 0.9434992074966431, 0.9576243758201599, 0.9537720680236816, 0.96982342004776], "loss": [0.25215598940849304, 0.22238901257514954, 0.16494542360305786, 0.18345743417739868, 0.23659852147102356, 0.21297761797904968, 0.18087828159332275, 0.2936154901981354, 0.18717938661575317, 0.1733849048614502, 0.22654925286769867, 0.14525382220745087, 0.13682198524475098, 0.12465904653072357, 0.20234006643295288, 0.18626785278320312, 0.2635171413421631, 0.18732036650180817, 0.17139388620853424, 0.12886130809783936, 0.1281234323978424, 0.13660337030887604, 0.17150148749351501, 0.2488873153924942, 0.1557285040616989, 0.1534416526556015, 0.1308821588754654, 0.15229114890098572, 0.2225750982761383, 0.15167249739170074, 0.13967907428741455, 0.11535517126321793], "val_accuracy": [0.9515669345855713, 0.9487179517745972, 0.9430199265480042, 0.9487179517745972, 0.9287749528884888, 0.9487179517745972, 0.94017094373703, 0.945868968963623, 0.945868968963623, 0.945868968963623, 0.9487179517745972, 0.94017094373703, 0.9430199265480042, 0.9373219609260559, 0.945868968963623, 0.94017094373703, 0.945868968963623, 0.945868968963623, 0.9430199265480042, 0.94017094373703, 0.9487179517745972, 0.9544159770011902, 0.9373219609260559, 0.9601139426231384, 0.9601139426231384, 0.9629629850387573, 0.9515669345855713, 0.9629629850387573, 0.9487179517745972, 0.9487179517745972, 0.9515669345855713, 0.9572649598121643], "val_loss": [0.24539165198802948, 0.23993872106075287, 0.24491724371910095, 0.3407090902328491, 0.3569605350494385, 0.2146444320678711, 0.3172341287136078, 0.2389044314622879, 0.271025687456131, 0.3384789526462555, 0.2728893756866455, 0.2889057695865631, 0.2847318947315216, 0.3148217797279358, 0.310373991727829, 0.295791894197464, 0.309664785861969, 0.273800790309906, 0.2667278051376343, 0.3006889224052429, 0.2270384281873703, 0.2642163932323456, 0.3168068826198578, 0.26758694648742676, 0.23299597203731537, 0.2542303800582886, 0.3075971007347107, 0.25628283619880676, 0.30470240116119385, 0.2886648178100586, 0.2664791941642761, 0.262041300535202]}